-- phpMyAdmin SQL Dump
-- version 5.2.1
-- https://www.phpmyadmin.net/
--
-- Host: 127.0.0.1
-- Generation Time: Jan 15, 2025 at 06:40 PM
-- Server version: 10.4.32-MariaDB
-- PHP Version: 8.2.12

SET SQL_MODE = "NO_AUTO_VALUE_ON_ZERO";
START TRANSACTION;
SET time_zone = "+00:00";


/*!40101 SET @OLD_CHARACTER_SET_CLIENT=@@CHARACTER_SET_CLIENT */;
/*!40101 SET @OLD_CHARACTER_SET_RESULTS=@@CHARACTER_SET_RESULTS */;
/*!40101 SET @OLD_COLLATION_CONNECTION=@@COLLATION_CONNECTION */;
/*!40101 SET NAMES utf8mb4 */;

--
-- Database: `db_slbn_subang`
--

-- --------------------------------------------------------

--
-- Table structure for table `asets`
--

CREATE TABLE `asets` (
  `id` bigint(20) UNSIGNED NOT NULL,
  `nama` varchar(255) NOT NULL,
  `created_at` timestamp NULL DEFAULT NULL,
  `updated_at` timestamp NULL DEFAULT NULL
) ENGINE=InnoDB DEFAULT CHARSET=utf8mb4 COLLATE=utf8mb4_unicode_ci;

--
-- Dumping data for table `asets`
--

INSERT INTO `asets` (`id`, `nama`, `created_at`, `updated_at`) VALUES
(1, 'Meja Siswa', '2025-01-01 08:42:14', '2025-01-01 08:42:14'),
(2, 'Kursi Siswa', '2025-01-01 08:42:15', '2025-01-01 08:42:15'),
(3, 'Meja Guru', '2025-01-01 08:42:16', '2025-01-01 08:42:16'),
(4, 'Kursi Guru', '2025-01-01 08:42:17', '2025-01-01 08:42:17'),
(5, 'Papan Tulis', '2025-01-01 08:42:18', '2025-01-01 08:42:18'),
(6, 'Lemari', '2025-01-01 08:42:19', '2025-01-01 08:42:19'),
(7, 'Rak hasil karya peserta didik', '2025-01-01 08:42:20', '2025-01-01 08:42:20'),
(8, 'Tempat Sampah', '2025-01-01 08:42:21', '2025-01-01 08:42:21'),
(9, 'Tempat Cuci Tangan', '2025-01-01 08:42:22', '2025-01-01 08:42:22'),
(10, 'Jam Dinding', '2025-01-01 08:42:23', '2025-01-01 08:42:23'),
(11, 'Kotak Kontak', '2025-01-01 08:42:24', '2025-01-01 08:42:24'),
(12, 'Alat Peraga', '2025-01-01 08:42:25', '2025-01-01 08:42:25'),
(13, 'Papan Pajang', '2025-01-01 08:42:26', '2025-01-01 08:42:26'),
(14, 'Soket Listrik', '2025-01-01 08:42:27', '2025-01-01 08:42:27'),
(15, 'Soket Listrik dan Kotak Kontak', '2025-01-01 08:42:28', '2025-01-01 08:42:28'),
(16, 'Kloset Jongkok', '2025-01-01 08:42:29', '2025-01-01 08:42:29'),
(17, 'Peralatan toilet training', '2025-01-01 08:42:30', '2025-01-01 08:42:30'),
(18, 'Perlengkapan menggosok gigi', '2025-01-01 08:42:31', '2025-01-01 08:42:31'),
(19, 'Gayung', '2025-01-01 08:42:32', '2025-01-01 08:42:32'),
(20, 'Printer', '2025-01-01 08:42:33', '2025-01-01 08:42:33'),
(21, 'AC', '2025-01-01 08:42:34', '2025-01-01 08:42:34'),
(22, 'Komputer', '2025-01-01 08:42:35', '2025-01-01 08:42:35'),
(23, 'Perlengkapan P3K', '2025-01-01 08:42:36', '2025-01-01 08:42:36'),
(24, 'Perlengkapan Ibadah', '2025-01-01 08:42:37', '2025-01-01 08:42:37'),
(25, 'Meja', '2025-01-01 08:42:38', '2025-01-01 08:42:38'),
(26, 'Proyektor', '2025-01-01 08:42:39', '2025-01-01 08:42:39'),
(27, 'Keyboard', '2025-01-01 08:42:40', '2025-01-01 08:42:40'),
(28, 'Sound system', '2025-01-01 08:42:41', '2025-01-01 08:42:41'),
(29, 'Software Inventory Gudang', '2025-01-01 08:42:42', '2025-01-01 08:42:42'),
(30, 'Tempat Tidur UKS', '2025-01-01 08:42:43', '2025-01-01 08:42:43'),
(31, 'Lemari UKS', '2025-01-01 08:42:44', '2025-01-01 08:42:44'),
(32, 'Selimut', '2025-01-01 08:42:45', '2025-01-01 08:42:45'),
(33, 'Kursi Kerja', '2025-01-01 08:42:46', '2025-01-01 08:42:46'),
(34, 'Meja Multimedia', '2025-01-01 08:42:47', '2025-01-01 08:42:47'),
(35, 'Meja Kerja / sirkulasi', '2025-01-01 08:42:48', '2025-01-01 08:42:48'),
(36, 'Papan Pengumuman', '2025-01-01 08:42:49', '2025-01-01 08:42:49'),
(37, 'Brankas', '2025-01-01 08:42:50', '2025-01-01 08:42:50'),
(38, 'Alat musik pukul', '2025-01-01 08:42:51', '2025-01-01 08:42:51'),
(39, 'Mixer', '2025-01-01 08:42:52', '2025-01-01 08:42:52'),
(40, 'Speaker', '2025-01-01 08:42:53', '2025-01-01 08:42:53'),
(41, 'Simbol Kenegaraan', '2025-01-01 08:42:54', '2025-01-01 08:42:54'),
(42, 'Mesin Ketik', '2025-01-01 08:42:55', '2025-01-01 08:42:55'),
(43, 'Kursi Pimpinan', '2025-01-01 08:42:56', '2025-01-01 08:42:56'),
(44, 'Meja Pimpinan', '2025-01-01 08:42:57', '2025-01-01 08:42:57'),
(45, 'Kursi dan Meja Tamu', '2025-01-01 08:42:58', '2025-01-01 08:42:58'),
(46, 'Filing Kabinet', '2025-01-01 08:42:59', '2025-01-01 08:42:59'),
(47, 'Tablet', '0000-00-00 00:00:00', '0000-00-00 00:00:00'),
(48, 'Meja Baca', '2025-01-01 08:43:00', '2025-01-01 08:43:00'),
(49, 'Router', '2025-01-01 08:43:01', '2025-01-01 08:43:01'),
(50, 'Kloset Duduk', '2025-01-01 08:43:02', '2025-01-01 08:43:02'),
(51, 'Kursi Toolman', '2025-01-01 08:43:03', '2025-01-01 08:43:03'),
(52, 'Rak Buku', '2025-01-01 08:43:04', '2025-01-01 08:43:04'),
(53, 'Kursi Baca', '2025-01-01 08:43:05', '2025-01-01 08:43:05'),
(54, 'Papan Plastik', '2025-01-01 08:43:06', '2025-01-01 08:43:06'),
(55, 'Papan Statistik', '2025-01-01 08:43:07', '2025-01-01 08:43:07'),
(56, 'Perlengkapan makan dan minum', '2025-01-01 08:43:08', '2025-01-01 08:43:08'),
(57, 'Lemari Katalog', '2025-01-01 08:43:09', '2025-01-01 08:43:09'),
(58, 'Meja TU', '2025-01-01 08:43:10', '2025-01-01 08:43:10'),
(59, 'Kursi TU', '2025-01-01 08:43:11', '2025-01-01 08:43:11'),
(60, 'Komputer TU', '2025-01-01 08:43:12', '2025-01-01 08:43:12'),
(61, 'Printer TU', '2025-01-01 08:43:13', '2025-01-01 08:43:13'),
(62, 'Foto Copy', '2025-01-01 08:43:14', '2025-01-01 08:43:14'),
(63, 'Lemari simpan Administrasi', '2025-01-01 08:43:15', '2025-01-01 08:43:15'),
(64, 'Laptop', '2025-01-01 08:43:16', '2025-01-01 08:43:16'),
(65, 'Mesin Foto Copy', '2025-01-01 08:43:17', '2025-01-01 08:43:17');

-- --------------------------------------------------------

--
-- Table structure for table `cache`
--

CREATE TABLE `cache` (
  `key` varchar(255) NOT NULL,
  `value` mediumtext NOT NULL,
  `expiration` int(11) NOT NULL
) ENGINE=InnoDB DEFAULT CHARSET=utf8mb4 COLLATE=utf8mb4_unicode_ci;

-- --------------------------------------------------------

--
-- Table structure for table `cache_locks`
--

CREATE TABLE `cache_locks` (
  `key` varchar(255) NOT NULL,
  `owner` varchar(255) NOT NULL,
  `expiration` int(11) NOT NULL
) ENGINE=InnoDB DEFAULT CHARSET=utf8mb4 COLLATE=utf8mb4_unicode_ci;

-- --------------------------------------------------------

--
-- Table structure for table `failed_jobs`
--

CREATE TABLE `failed_jobs` (
  `id` bigint(20) UNSIGNED NOT NULL,
  `uuid` varchar(255) NOT NULL,
  `connection` text NOT NULL,
  `queue` text NOT NULL,
  `payload` longtext NOT NULL,
  `exception` longtext NOT NULL,
  `failed_at` timestamp NOT NULL DEFAULT current_timestamp()
) ENGINE=InnoDB DEFAULT CHARSET=utf8mb4 COLLATE=utf8mb4_unicode_ci;

-- --------------------------------------------------------

--
-- Table structure for table `jobs`
--

CREATE TABLE `jobs` (
  `id` bigint(20) UNSIGNED NOT NULL,
  `queue` varchar(255) NOT NULL,
  `payload` longtext NOT NULL,
  `attempts` tinyint(3) UNSIGNED NOT NULL,
  `reserved_at` int(10) UNSIGNED DEFAULT NULL,
  `available_at` int(10) UNSIGNED NOT NULL,
  `created_at` int(10) UNSIGNED NOT NULL
) ENGINE=InnoDB DEFAULT CHARSET=utf8mb4 COLLATE=utf8mb4_unicode_ci;

-- --------------------------------------------------------

--
-- Table structure for table `job_batches`
--

CREATE TABLE `job_batches` (
  `id` varchar(255) NOT NULL,
  `name` varchar(255) NOT NULL,
  `total_jobs` int(11) NOT NULL,
  `pending_jobs` int(11) NOT NULL,
  `failed_jobs` int(11) NOT NULL,
  `failed_job_ids` longtext NOT NULL,
  `options` mediumtext DEFAULT NULL,
  `cancelled_at` int(11) DEFAULT NULL,
  `created_at` int(11) NOT NULL,
  `finished_at` int(11) DEFAULT NULL
) ENGINE=InnoDB DEFAULT CHARSET=utf8mb4 COLLATE=utf8mb4_unicode_ci;

-- --------------------------------------------------------

--
-- Table structure for table `jumlah_asets`
--

CREATE TABLE `jumlah_asets` (
  `id` bigint(20) UNSIGNED NOT NULL,
  `tahun_id` bigint(20) UNSIGNED NOT NULL,
  `aset_id` bigint(20) UNSIGNED NOT NULL,
  `jumlah` int(11) NOT NULL,
  `jumlah_layak` int(11) NOT NULL,
  `jumlah_tidak_layak` int(11) NOT NULL,
  `created_at` timestamp NULL DEFAULT NULL,
  `updated_at` timestamp NULL DEFAULT NULL
) ENGINE=InnoDB DEFAULT CHARSET=utf8mb4 COLLATE=utf8mb4_unicode_ci;

--
-- Dumping data for table `jumlah_asets`
--

INSERT INTO `jumlah_asets` (`id`, `tahun_id`, `aset_id`, `jumlah`, `jumlah_layak`, `jumlah_tidak_layak`, `created_at`, `updated_at`) VALUES
(1, 1, 1, 195, 195, 0, '2025-01-01 09:06:13', '2025-01-01 09:06:13'),
(2, 1, 2, 196, 186, 10, '2025-01-01 09:06:13', '2025-01-01 09:06:13'),
(3, 1, 3, 50, 50, 0, '2025-01-01 09:06:13', '2025-01-01 09:06:13'),
(4, 1, 4, 56, 56, 0, '2025-01-01 09:06:13', '2025-01-01 09:06:13'),
(5, 1, 5, 40, 40, 0, '2025-01-01 09:06:13', '2025-01-01 09:06:13'),
(6, 1, 6, 49, 47, 2, '2025-01-01 09:06:13', '2025-01-01 09:06:13'),
(7, 1, 7, 15, 15, 0, '2025-01-01 09:06:13', '2025-01-01 09:06:13'),
(8, 1, 8, 19, 19, 0, '2025-01-01 09:06:13', '2025-01-01 09:06:13'),
(9, 1, 9, 14, 14, 0, '2025-01-01 09:06:13', '2025-01-01 09:06:13'),
(10, 1, 10, 16, 16, 0, '2025-01-01 09:06:13', '2025-01-01 09:06:13'),
(11, 1, 11, 12, 12, 0, '2025-01-01 09:06:13', '2025-01-01 09:06:13'),
(12, 1, 12, 10, 10, 0, '2025-01-01 09:06:13', '2025-01-01 09:06:13'),
(13, 1, 13, 14, 14, 0, '2025-01-01 09:06:13', '2025-01-01 09:06:13'),
(14, 1, 14, 10, 10, 0, '2025-01-01 09:06:13', '2025-01-01 09:06:13'),
(15, 1, 15, 8, 8, 0, '2025-01-01 09:06:13', '2025-01-01 09:06:13'),
(16, 1, 16, 8, 8, 0, '2025-01-01 09:06:13', '2025-01-01 09:06:13'),
(17, 1, 17, 2, 2, 0, '2025-01-01 09:06:13', '2025-01-01 09:06:13'),
(18, 1, 18, 2, 2, 0, '2025-01-01 09:06:13', '2025-01-01 09:06:13'),
(19, 1, 19, 4, 4, 0, '2025-01-01 09:06:13', '2025-01-01 09:06:13'),
(20, 1, 20, 11, 11, 0, '2025-01-01 09:06:13', '2025-01-01 09:06:13'),
(21, 1, 21, 4, 4, 0, '2025-01-01 09:06:13', '2025-01-01 09:06:13'),
(22, 1, 22, 8, 8, 0, '2025-01-01 09:06:13', '2025-01-01 09:06:13'),
(23, 1, 23, 6, 6, 0, '2025-01-01 09:06:13', '2025-01-01 09:06:13'),
(24, 1, 24, 1, 1, 0, '2025-01-01 09:06:13', '2025-01-01 09:06:13'),
(25, 1, 25, 2, 2, 0, '2025-01-01 09:06:13', '2025-01-01 09:06:13'),
(26, 1, 26, 2, 2, 0, '2025-01-01 09:06:13', '2025-01-01 09:06:13'),
(27, 1, 27, 1, 1, 0, '2025-01-01 09:06:13', '2025-01-01 09:06:13'),
(28, 1, 28, 1, 1, 0, '2025-01-01 09:06:13', '2025-01-01 09:06:13'),
(29, 1, 29, 1, 1, 0, '2025-01-01 09:06:13', '2025-01-01 09:06:13'),
(30, 1, 30, 1, 1, 0, '2025-01-01 09:06:13', '2025-01-01 09:06:13'),
(31, 1, 31, 2, 2, 0, '2025-01-01 09:06:13', '2025-01-01 09:06:13'),
(32, 1, 32, 2, 2, 0, '2025-01-01 09:06:13', '2025-01-01 09:06:13'),
(33, 1, 33, 52, 52, 0, '2025-01-01 09:06:13', '2025-01-01 09:06:13'),
(34, 1, 34, 4, 4, 0, '2025-01-01 09:06:13', '2025-01-01 09:06:13'),
(35, 1, 35, 5, 5, 0, '2025-01-01 09:06:13', '2025-01-01 09:06:13'),
(36, 1, 36, 1, 1, 0, '2025-01-01 09:06:13', '2025-01-01 09:06:13'),
(37, 1, 37, 3, 3, 0, '2025-01-01 09:06:13', '2025-01-01 09:06:13'),
(38, 1, 38, 5, 5, 0, '2025-01-01 09:06:13', '2025-01-01 09:06:13'),
(39, 1, 39, 2, 2, 0, '2025-01-01 09:06:13', '2025-01-01 09:06:13'),
(40, 1, 40, 2, 2, 0, '2025-01-01 09:06:13', '2025-01-01 09:06:13'),
(41, 1, 41, 2, 2, 0, '2025-01-01 09:06:13', '2025-01-01 09:06:13'),
(42, 1, 42, 3, 3, 0, '2025-01-01 09:06:13', '2025-01-01 09:06:13'),
(43, 1, 43, 4, 4, 0, '2025-01-01 09:06:13', '2025-01-01 09:06:13'),
(44, 1, 44, 4, 4, 0, '2025-01-01 09:06:13', '2025-01-01 09:06:13'),
(45, 1, 45, 15, 15, 0, '2025-01-01 09:06:13', '2025-01-01 09:06:13'),
(46, 1, 46, 9, 9, 0, '2025-01-01 09:06:13', '2025-01-01 09:06:13'),
(47, 1, 47, 10, 10, 0, '2025-01-01 09:06:13', '2025-01-01 09:06:13'),
(48, 1, 48, 9, 9, 0, '2025-01-01 09:06:13', '2025-01-01 09:06:13'),
(49, 1, 49, 1, 1, 0, '2025-01-01 09:06:13', '2025-01-01 09:06:13'),
(50, 1, 50, 3, 3, 0, '2025-01-01 09:06:13', '2025-01-01 09:06:13'),
(51, 1, 51, 100, 100, 0, '2025-01-01 09:06:13', '2025-01-01 09:06:13'),
(52, 1, 52, 16, 16, 0, '2025-01-01 09:06:13', '2025-01-01 09:06:13'),
(53, 1, 53, 3, 3, 0, '2025-01-01 09:06:13', '2025-01-01 09:06:13'),
(54, 1, 54, 1, 1, 0, '2025-01-01 09:06:13', '2025-01-01 09:06:13'),
(55, 1, 55, 1, 1, 0, '2025-01-01 09:06:13', '2025-01-01 09:06:13'),
(56, 1, 56, 1, 1, 0, '2025-01-01 09:06:13', '2025-01-01 09:06:13'),
(57, 1, 57, 1, 1, 0, '2025-01-01 09:06:13', '2025-01-01 09:06:13'),
(58, 1, 58, 6, 6, 0, '2025-01-01 09:06:13', '2025-01-01 09:06:13'),
(59, 1, 59, 6, 6, 0, '2025-01-01 09:06:13', '2025-01-01 09:06:13'),
(60, 1, 60, 15, 15, 0, '2025-01-01 09:06:13', '2025-01-01 09:06:13'),
(61, 1, 61, 5, 5, 0, '2025-01-01 09:06:13', '2025-01-01 09:06:13'),
(62, 1, 62, 1, 1, 0, '2025-01-01 09:06:13', '2025-01-01 09:06:13'),
(63, 1, 63, 5, 5, 0, '2025-01-01 09:06:13', '2025-01-01 09:06:13'),
(64, 1, 64, 6, 6, 0, '2025-01-01 09:06:13', '2025-01-01 09:06:13'),
(65, 1, 65, 1, 1, 0, '2025-01-01 09:06:13', '2025-01-01 09:06:13'),
(66, 2, 1, 195, 195, 0, '2025-01-01 09:06:13', '2025-01-01 09:06:13'),
(67, 2, 2, 196, 186, 10, '2025-01-01 09:06:13', '2025-01-01 09:06:13'),
(68, 2, 3, 50, 50, 0, '2025-01-01 09:06:13', '2025-01-01 09:06:13'),
(69, 2, 4, 56, 56, 0, '2025-01-01 09:06:13', '2025-01-01 09:06:13'),
(70, 2, 5, 40, 40, 0, '2025-01-01 09:06:13', '2025-01-01 09:06:13'),
(71, 2, 6, 49, 47, 2, '2025-01-01 09:06:13', '2025-01-01 09:06:13'),
(72, 2, 7, 15, 15, 0, '2025-01-01 09:06:13', '2025-01-01 09:06:13'),
(73, 2, 8, 19, 19, 0, '2025-01-01 09:06:13', '2025-01-01 09:06:13'),
(74, 2, 9, 18, 18, 0, '2025-01-01 09:06:13', '2025-01-01 09:06:13'),
(75, 2, 10, 16, 16, 0, '2025-01-01 09:06:13', '2025-01-01 09:06:13'),
(76, 2, 11, 12, 12, 0, '2025-01-01 09:06:13', '2025-01-01 09:06:13'),
(77, 2, 12, 10, 10, 0, '2025-01-01 09:06:13', '2025-01-01 09:06:13'),
(78, 2, 13, 14, 14, 0, '2025-01-01 09:06:13', '2025-01-01 09:06:13'),
(79, 2, 14, 10, 10, 0, '2025-01-01 09:06:13', '2025-01-01 09:06:13'),
(80, 2, 15, 8, 8, 0, '2025-01-01 09:06:13', '2025-01-01 09:06:13'),
(81, 2, 16, 8, 8, 0, '2025-01-01 09:06:13', '2025-01-01 09:06:13'),
(82, 2, 17, 2, 2, 0, '2025-01-01 09:06:13', '2025-01-01 09:06:13'),
(83, 2, 18, 2, 2, 0, '2025-01-01 09:06:13', '2025-01-01 09:06:13'),
(84, 2, 19, 4, 4, 0, '2025-01-01 09:06:13', '2025-01-01 09:06:13'),
(85, 2, 20, 11, 11, 0, '2025-01-01 09:06:13', '2025-01-01 09:06:13'),
(86, 2, 21, 4, 4, 0, '2025-01-01 09:06:13', '2025-01-01 09:06:13'),
(87, 2, 22, 8, 8, 0, '2025-01-01 09:06:13', '2025-01-01 09:06:13'),
(88, 2, 23, 6, 6, 0, '2025-01-01 09:06:13', '2025-01-01 09:06:13'),
(89, 2, 24, 1, 1, 0, '2025-01-01 09:06:13', '2025-01-01 09:06:13'),
(90, 2, 25, 2, 2, 0, '2025-01-01 09:06:13', '2025-01-01 09:06:13'),
(91, 2, 26, 2, 2, 0, '2025-01-01 09:06:13', '2025-01-01 09:06:13'),
(92, 2, 27, 1, 1, 0, '2025-01-01 09:06:13', '2025-01-01 09:06:13'),
(93, 2, 28, 1, 1, 0, '2025-01-01 09:06:13', '2025-01-01 09:06:13'),
(94, 2, 29, 1, 1, 0, '2025-01-01 09:06:13', '2025-01-01 09:06:13'),
(95, 2, 30, 1, 1, 0, '2025-01-01 09:06:13', '2025-01-01 09:06:13'),
(96, 2, 31, 2, 2, 0, '2025-01-01 09:06:13', '2025-01-01 09:06:13'),
(97, 2, 32, 2, 2, 0, '2025-01-01 09:06:13', '2025-01-01 09:06:13'),
(98, 2, 33, 52, 52, 0, '2025-01-01 09:06:13', '2025-01-01 09:06:13'),
(99, 2, 34, 4, 4, 0, '2025-01-01 09:06:13', '2025-01-01 09:06:13'),
(100, 2, 35, 5, 5, 0, '2025-01-01 09:06:13', '2025-01-01 09:06:13'),
(101, 2, 36, 1, 1, 0, '2025-01-01 09:06:13', '2025-01-01 09:06:13'),
(102, 2, 37, 3, 3, 0, '2025-01-01 09:06:13', '2025-01-01 09:06:13'),
(103, 2, 38, 5, 5, 0, '2025-01-01 09:06:13', '2025-01-01 09:06:13'),
(104, 2, 39, 2, 2, 0, '2025-01-01 09:06:13', '2025-01-01 09:06:13'),
(105, 2, 40, 2, 2, 0, '2025-01-01 09:06:13', '2025-01-01 09:06:13'),
(106, 2, 41, 2, 2, 0, '2025-01-01 09:06:13', '2025-01-01 09:06:13'),
(107, 2, 42, 3, 3, 0, '2025-01-01 09:06:13', '2025-01-01 09:06:13'),
(108, 2, 43, 4, 4, 0, '2025-01-01 09:06:13', '2025-01-01 09:06:13'),
(109, 2, 44, 4, 4, 0, '2025-01-01 09:06:13', '2025-01-01 09:06:13'),
(110, 2, 45, 15, 15, 0, '2025-01-01 09:06:13', '2025-01-01 09:06:13'),
(111, 2, 46, 9, 9, 0, '2025-01-01 09:06:13', '2025-01-01 09:06:13'),
(112, 2, 47, 10, 10, 0, '2025-01-01 09:06:13', '2025-01-01 09:06:13'),
(113, 2, 48, 9, 9, 0, '2025-01-01 09:06:13', '2025-01-01 09:06:13'),
(114, 2, 49, 1, 1, 0, '2025-01-01 09:06:13', '2025-01-01 09:06:13'),
(115, 2, 50, 3, 3, 0, '2025-01-01 09:06:13', '2025-01-01 09:06:13'),
(116, 2, 51, 100, 100, 0, '2025-01-01 09:06:13', '2025-01-01 09:06:13'),
(117, 2, 52, 16, 16, 0, '2025-01-01 09:06:13', '2025-01-01 09:06:13'),
(118, 2, 53, 3, 3, 0, '2025-01-01 09:06:13', '2025-01-01 09:06:13'),
(119, 2, 54, 1, 1, 0, '2025-01-01 09:06:13', '2025-01-01 09:06:13'),
(120, 2, 55, 1, 1, 0, '2025-01-01 09:06:13', '2025-01-01 09:06:13'),
(121, 2, 56, 1, 1, 0, '2025-01-01 09:06:13', '2025-01-01 09:06:13'),
(122, 2, 57, 1, 1, 0, '2025-01-01 09:06:13', '2025-01-01 09:06:13'),
(123, 2, 58, 6, 6, 0, '2025-01-01 09:06:13', '2025-01-01 09:06:13'),
(124, 2, 59, 6, 6, 0, '2025-01-01 09:06:13', '2025-01-01 09:06:13'),
(125, 2, 60, 15, 15, 0, '2025-01-01 09:06:13', '2025-01-01 09:06:13'),
(126, 2, 61, 5, 5, 0, '2025-01-01 09:06:13', '2025-01-01 09:06:13'),
(127, 2, 62, 1, 1, 0, '2025-01-01 09:06:13', '2025-01-01 09:06:13'),
(128, 2, 63, 5, 5, 0, '2025-01-01 09:06:13', '2025-01-01 09:06:13'),
(129, 2, 64, 6, 6, 0, '2025-01-01 09:06:13', '2025-01-01 09:06:13'),
(130, 2, 65, 1, 1, 0, '2025-01-01 09:06:13', '2025-01-01 09:06:13'),
(131, 3, 1, 195, 192, 3, '2025-01-01 09:06:13', '2025-01-01 09:06:13'),
(132, 3, 2, 196, 186, 10, '2025-01-01 09:06:13', '2025-01-01 09:06:13'),
(133, 3, 3, 50, 49, 1, '2025-01-01 09:06:13', '2025-01-01 09:06:13'),
(134, 3, 4, 56, 56, 0, '2025-01-01 09:06:13', '2025-01-01 09:06:13'),
(135, 3, 5, 40, 40, 0, '2025-01-01 09:06:13', '2025-01-01 09:06:13'),
(136, 3, 6, 49, 49, 0, '2025-01-01 09:06:13', '2025-01-01 09:06:13'),
(137, 3, 7, 15, 15, 0, '2025-01-01 09:06:13', '2025-01-01 09:06:13'),
(138, 3, 8, 19, 19, 0, '2025-01-01 09:06:13', '2025-01-01 09:06:13'),
(139, 3, 9, 18, 18, 0, '2025-01-01 09:06:13', '2025-01-01 09:06:13'),
(140, 3, 10, 16, 16, 0, '2025-01-01 09:06:13', '2025-01-01 09:06:13'),
(141, 3, 11, 12, 12, 0, '2025-01-01 09:06:13', '2025-01-01 09:06:13'),
(142, 3, 12, 10, 10, 0, '2025-01-01 09:06:13', '2025-01-01 09:06:13'),
(143, 3, 13, 14, 14, 0, '2025-01-01 09:06:13', '2025-01-01 09:06:13'),
(144, 3, 14, 10, 10, 0, '2025-01-01 09:06:13', '2025-01-01 09:06:13'),
(145, 3, 15, 8, 8, 0, '2025-01-01 09:06:13', '2025-01-01 09:06:13'),
(146, 3, 16, 8, 8, 0, '2025-01-01 09:06:13', '2025-01-01 09:06:13'),
(147, 3, 17, 2, 2, 0, '2025-01-01 09:06:13', '2025-01-01 09:06:13'),
(148, 3, 18, 2, 2, 0, '2025-01-01 09:06:13', '2025-01-01 09:06:13'),
(149, 3, 19, 4, 4, 0, '2025-01-01 09:06:13', '2025-01-01 09:06:13'),
(150, 3, 20, 11, 11, 0, '2025-01-01 09:06:13', '2025-01-01 09:06:13'),
(151, 3, 21, 4, 4, 0, '2025-01-01 09:06:13', '2025-01-01 09:06:13'),
(152, 3, 22, 8, 8, 0, '2025-01-01 09:06:13', '2025-01-01 09:06:13'),
(153, 3, 23, 6, 6, 0, '2025-01-01 09:06:13', '2025-01-01 09:06:13'),
(154, 3, 24, 1, 1, 0, '2025-01-01 09:06:13', '2025-01-01 09:06:13'),
(155, 3, 25, 2, 2, 0, '2025-01-01 09:06:13', '2025-01-01 09:06:13'),
(156, 3, 26, 2, 2, 0, '2025-01-01 09:06:13', '2025-01-01 09:06:13'),
(157, 3, 27, 1, 1, 0, '2025-01-01 09:06:13', '2025-01-01 09:06:13'),
(158, 3, 28, 1, 1, 0, '2025-01-01 09:06:13', '2025-01-01 09:06:13'),
(159, 3, 29, 1, 1, 0, '2025-01-01 09:06:13', '2025-01-01 09:06:13'),
(160, 3, 30, 1, 1, 0, '2025-01-01 09:06:13', '2025-01-01 09:06:13'),
(161, 3, 31, 2, 2, 0, '2025-01-01 09:06:13', '2025-01-01 09:06:13'),
(162, 3, 32, 2, 2, 0, '2025-01-01 09:06:13', '2025-01-01 09:06:13'),
(163, 3, 33, 52, 52, 0, '2025-01-01 09:06:13', '2025-01-01 09:06:13'),
(164, 3, 34, 4, 4, 0, '2025-01-01 09:06:13', '2025-01-01 09:06:13'),
(165, 3, 35, 5, 5, 0, '2025-01-01 09:06:13', '2025-01-01 09:06:13'),
(166, 3, 36, 1, 1, 0, '2025-01-01 09:06:13', '2025-01-01 09:06:13'),
(167, 3, 37, 3, 3, 0, '2025-01-01 09:06:13', '2025-01-01 09:06:13'),
(168, 3, 38, 5, 5, 0, '2025-01-01 09:06:13', '2025-01-01 09:06:13'),
(169, 3, 39, 2, 2, 0, '2025-01-01 09:06:13', '2025-01-01 09:06:13'),
(170, 3, 40, 2, 2, 0, '2025-01-01 09:06:13', '2025-01-01 09:06:13'),
(171, 3, 41, 2, 2, 0, '2025-01-01 09:06:13', '2025-01-01 09:06:13'),
(172, 3, 42, 3, 3, 0, '2025-01-01 09:06:13', '2025-01-01 09:06:13'),
(173, 3, 43, 4, 4, 0, '2025-01-01 09:06:13', '2025-01-01 09:06:13'),
(174, 3, 44, 4, 4, 0, '2025-01-01 09:06:13', '2025-01-01 09:06:13'),
(175, 3, 45, 15, 15, 0, '2025-01-01 09:06:13', '2025-01-01 09:06:13'),
(176, 3, 46, 9, 9, 0, '2025-01-01 09:06:13', '2025-01-01 09:06:13'),
(177, 3, 47, 10, 9, 1, '2025-01-01 09:06:13', '2025-01-01 09:06:13'),
(178, 3, 48, 9, 9, 0, '2025-01-01 09:06:13', '2025-01-01 09:06:13'),
(179, 3, 49, 1, 1, 0, '2025-01-01 09:06:13', '2025-01-01 09:06:13'),
(180, 3, 50, 3, 3, 0, '2025-01-01 09:06:13', '2025-01-01 09:06:13'),
(181, 3, 51, 100, 100, 0, '2025-01-01 09:06:13', '2025-01-01 09:06:13'),
(182, 3, 52, 16, 16, 0, '2025-01-01 09:06:13', '2025-01-01 09:06:13'),
(183, 3, 53, 3, 3, 0, '2025-01-01 09:06:13', '2025-01-01 09:06:13'),
(184, 3, 54, 1, 1, 0, '2025-01-01 09:06:13', '2025-01-01 09:06:13'),
(185, 3, 55, 1, 1, 0, '2025-01-01 09:06:13', '2025-01-01 09:06:13'),
(186, 3, 56, 1, 1, 0, '2025-01-01 09:06:13', '2025-01-01 09:06:13'),
(187, 3, 57, 1, 1, 0, '2025-01-01 09:06:13', '2025-01-01 09:06:13'),
(188, 3, 58, 6, 6, 0, '2025-01-01 09:06:13', '2025-01-01 09:06:13'),
(189, 3, 59, 6, 6, 0, '2025-01-01 09:06:13', '2025-01-01 09:06:13'),
(190, 3, 60, 15, 15, 0, '2025-01-01 09:06:13', '2025-01-01 09:06:13'),
(191, 3, 61, 5, 5, 0, '2025-01-01 09:06:13', '2025-01-01 09:06:13'),
(192, 3, 62, 1, 1, 0, '2025-01-01 09:06:13', '2025-01-01 09:06:13'),
(193, 3, 63, 5, 5, 0, '2025-01-01 09:06:13', '2025-01-01 09:06:13'),
(194, 3, 64, 6, 6, 0, '2025-01-01 09:06:13', '2025-01-01 09:06:13'),
(195, 3, 65, 1, 1, 0, '2025-01-01 09:06:13', '2025-01-01 09:06:13'),
(196, 4, 1, 200, 200, 0, '2025-01-01 09:06:13', '2025-01-01 09:06:13'),
(197, 4, 2, 235, 231, 4, '2025-01-01 09:06:13', '2025-01-01 09:06:13'),
(198, 4, 3, 50, 50, 0, '2025-01-01 09:06:13', '2025-01-01 09:06:13'),
(199, 4, 4, 57, 57, 0, '2025-01-01 09:06:13', '2025-01-01 09:06:13'),
(200, 4, 5, 41, 41, 0, '2025-01-01 09:06:13', '2025-01-01 09:06:13'),
(201, 4, 6, 51, 49, 2, '2025-01-01 09:06:13', '2025-01-01 09:06:13'),
(202, 4, 7, 16, 16, 0, '2025-01-01 09:06:13', '2025-01-01 09:06:13'),
(203, 4, 8, 20, 20, 0, '2025-01-01 09:06:13', '2025-01-01 09:06:13'),
(204, 4, 9, 19, 19, 0, '2025-01-01 09:06:13', '2025-01-01 09:06:13'),
(205, 4, 10, 18, 18, 0, '2025-01-01 09:06:13', '2025-01-01 09:06:13'),
(206, 4, 11, 13, 13, 0, '2025-01-01 09:06:13', '2025-01-01 09:06:13'),
(207, 4, 12, 11, 11, 0, '2025-01-01 09:06:13', '2025-01-01 09:06:13'),
(208, 4, 13, 16, 16, 0, '2025-01-01 09:06:13', '2025-01-01 09:06:13'),
(209, 4, 14, 10, 10, 0, '2025-01-01 09:06:13', '2025-01-01 09:06:13'),
(210, 4, 15, 9, 9, 0, '2025-01-01 09:06:13', '2025-01-01 09:06:13'),
(211, 4, 16, 8, 8, 0, '2025-01-01 09:06:13', '2025-01-01 09:06:13'),
(212, 4, 17, 2, 2, 0, '2025-01-01 09:06:13', '2025-01-01 09:06:13'),
(213, 4, 18, 2, 2, 0, '2025-01-01 09:06:13', '2025-01-01 09:06:13'),
(214, 4, 19, 4, 4, 0, '2025-01-01 09:06:13', '2025-01-01 09:06:13'),
(215, 4, 20, 12, 12, 0, '2025-01-01 09:06:13', '2025-01-01 09:06:13'),
(216, 4, 21, 5, 5, 0, '2025-01-01 09:06:13', '2025-01-01 09:06:13'),
(217, 4, 22, 9, 9, 0, '2025-01-01 09:06:13', '2025-01-01 09:06:13'),
(218, 4, 23, 7, 7, 0, '2025-01-01 09:06:13', '2025-01-01 09:06:13'),
(219, 4, 24, 1, 1, 0, '2025-01-01 09:06:13', '2025-01-01 09:06:13'),
(220, 4, 25, 2, 2, 0, '2025-01-01 09:06:13', '2025-01-01 09:06:13'),
(221, 4, 26, 2, 2, 0, '2025-01-01 09:06:13', '2025-01-01 09:06:13'),
(222, 4, 27, 1, 1, 0, '2025-01-01 09:06:13', '2025-01-01 09:06:13'),
(223, 4, 28, 1, 1, 0, '2025-01-01 09:06:13', '2025-01-01 09:06:13'),
(224, 4, 29, 1, 1, 0, '2025-01-01 09:06:13', '2025-01-01 09:06:13'),
(225, 4, 30, 1, 1, 0, '2025-01-01 09:06:13', '2025-01-01 09:06:13'),
(226, 4, 31, 2, 2, 0, '2025-01-01 09:06:13', '2025-01-01 09:06:13'),
(227, 4, 32, 2, 2, 0, '2025-01-01 09:06:13', '2025-01-01 09:06:13'),
(228, 4, 33, 52, 52, 0, '2025-01-01 09:06:13', '2025-01-01 09:06:13'),
(229, 4, 34, 4, 4, 0, '2025-01-01 09:06:13', '2025-01-01 09:06:13'),
(230, 4, 35, 5, 5, 0, '2025-01-01 09:06:13', '2025-01-01 09:06:13'),
(231, 4, 36, 1, 1, 0, '2025-01-01 09:06:13', '2025-01-01 09:06:13'),
(232, 4, 37, 3, 3, 0, '2025-01-01 09:06:13', '2025-01-01 09:06:13'),
(233, 4, 38, 5, 5, 0, '2025-01-01 09:06:13', '2025-01-01 09:06:13'),
(234, 4, 39, 2, 2, 0, '2025-01-01 09:06:13', '2025-01-01 09:06:13'),
(235, 4, 40, 2, 2, 0, '2025-01-01 09:06:13', '2025-01-01 09:06:13'),
(236, 4, 41, 2, 2, 0, '2025-01-01 09:06:13', '2025-01-01 09:06:13'),
(237, 4, 42, 3, 3, 0, '2025-01-01 09:06:13', '2025-01-01 09:06:13'),
(238, 4, 43, 4, 4, 0, '2025-01-01 09:06:13', '2025-01-01 09:06:13'),
(239, 4, 44, 4, 4, 0, '2025-01-01 09:06:13', '2025-01-01 09:06:13'),
(240, 4, 45, 15, 15, 0, '2025-01-01 09:06:13', '2025-01-01 09:06:13'),
(241, 4, 46, 9, 9, 0, '2025-01-01 09:06:13', '2025-01-01 09:06:13'),
(242, 4, 47, 16, 15, 1, '2025-01-01 09:06:13', '2025-01-01 09:06:13'),
(243, 4, 48, 9, 9, 0, '2025-01-01 09:06:13', '2025-01-01 09:06:13'),
(244, 4, 49, 1, 1, 0, '2025-01-01 09:06:13', '2025-01-01 09:06:13'),
(245, 4, 50, 3, 3, 0, '2025-01-01 09:06:13', '2025-01-01 09:06:13'),
(246, 4, 51, 100, 100, 0, '2025-01-01 09:06:13', '2025-01-01 09:06:13'),
(247, 4, 52, 16, 16, 0, '2025-01-01 09:06:13', '2025-01-01 09:06:13'),
(248, 4, 53, 3, 3, 0, '2025-01-01 09:06:13', '2025-01-01 09:06:13'),
(249, 4, 54, 1, 1, 0, '2025-01-01 09:06:13', '2025-01-01 09:06:13'),
(250, 4, 55, 1, 1, 0, '2025-01-01 09:06:13', '2025-01-01 09:06:13'),
(251, 4, 56, 1, 1, 0, '2025-01-01 09:06:13', '2025-01-01 09:06:13'),
(252, 4, 57, 1, 1, 0, '2025-01-01 09:06:13', '2025-01-01 09:06:13'),
(253, 4, 58, 6, 6, 0, '2025-01-01 09:06:13', '2025-01-01 09:06:13'),
(254, 4, 59, 6, 6, 0, '2025-01-01 09:06:13', '2025-01-01 09:06:13'),
(255, 4, 60, 15, 15, 0, '2025-01-01 09:06:13', '2025-01-01 09:06:13'),
(256, 4, 61, 5, 5, 0, '2025-01-01 09:06:13', '2025-01-01 09:06:13'),
(257, 4, 62, 1, 1, 0, '2025-01-01 09:06:13', '2025-01-01 09:06:13'),
(258, 4, 63, 5, 5, 0, '2025-01-01 09:06:13', '2025-01-01 09:06:13'),
(259, 4, 64, 6, 6, 0, '2025-01-01 09:06:13', '2025-01-01 09:06:13'),
(260, 4, 65, 1, 1, 0, '2025-01-01 09:06:13', '2025-01-01 09:06:13'),
(261, 5, 1, 199, 199, 0, '2025-01-01 09:06:13', '2025-01-01 09:06:13'),
(262, 5, 2, 235, 235, 0, '2025-01-01 09:06:13', '2025-01-01 09:06:13'),
(263, 5, 3, 50, 50, 0, '2025-01-01 09:06:13', '2025-01-01 09:06:13'),
(264, 5, 4, 60, 60, 0, '2025-01-01 09:06:13', '2025-01-01 09:06:13'),
(265, 5, 5, 41, 40, 1, '2025-01-01 09:06:13', '2025-01-01 09:06:13'),
(266, 5, 6, 51, 49, 2, '2025-01-01 09:06:13', '2025-01-01 09:06:13'),
(267, 5, 7, 16, 16, 0, '2025-01-01 09:06:13', '2025-01-01 09:06:13'),
(268, 5, 8, 20, 20, 0, '2025-01-01 09:06:13', '2025-01-01 09:06:13'),
(269, 5, 9, 19, 19, 0, '2025-01-01 09:06:13', '2025-01-01 09:06:13'),
(270, 5, 10, 18, 18, 0, '2025-01-01 09:06:13', '2025-01-01 09:06:13'),
(271, 5, 11, 13, 13, 0, '2025-01-01 09:06:13', '2025-01-01 09:06:13'),
(272, 5, 12, 11, 11, 0, '2025-01-01 09:06:13', '2025-01-01 09:06:13'),
(273, 5, 13, 16, 16, 0, '2025-01-01 09:06:13', '2025-01-01 09:06:13'),
(274, 5, 14, 10, 10, 0, '2025-01-01 09:06:13', '2025-01-01 09:06:13'),
(275, 5, 15, 9, 9, 0, '2025-01-01 09:06:13', '2025-01-01 09:06:13'),
(276, 5, 16, 8, 8, 0, '2025-01-01 09:06:13', '2025-01-01 09:06:13'),
(277, 5, 17, 2, 2, 0, '2025-01-01 09:06:13', '2025-01-01 09:06:13'),
(278, 5, 18, 2, 2, 0, '2025-01-01 09:06:13', '2025-01-01 09:06:13'),
(279, 5, 19, 4, 4, 0, '2025-01-01 09:06:13', '2025-01-01 09:06:13'),
(280, 5, 20, 12, 11, 1, '2025-01-01 09:06:13', '2025-01-01 09:06:13'),
(281, 5, 21, 5, 5, 0, '2025-01-01 09:06:13', '2025-01-01 09:06:13'),
(282, 5, 22, 9, 9, 0, '2025-01-01 09:06:13', '2025-01-01 09:06:13'),
(283, 5, 23, 7, 7, 0, '2025-01-01 09:06:13', '2025-01-01 09:06:13'),
(284, 5, 24, 1, 1, 0, '2025-01-01 09:06:13', '2025-01-01 09:06:13'),
(285, 5, 25, 2, 2, 0, '2025-01-01 09:06:13', '2025-01-01 09:06:13'),
(286, 5, 26, 2, 2, 0, '2025-01-01 09:06:13', '2025-01-01 09:06:13'),
(287, 5, 27, 1, 1, 0, '2025-01-01 09:06:13', '2025-01-01 09:06:13'),
(288, 5, 28, 1, 1, 0, '2025-01-01 09:06:13', '2025-01-01 09:06:13'),
(289, 5, 29, 1, 1, 0, '2025-01-01 09:06:13', '2025-01-01 09:06:13'),
(290, 5, 30, 1, 1, 0, '2025-01-01 09:06:13', '2025-01-01 09:06:13'),
(291, 5, 31, 2, 2, 0, '2025-01-01 09:06:13', '2025-01-01 09:06:13'),
(292, 5, 32, 2, 2, 0, '2025-01-01 09:06:13', '2025-01-01 09:06:13'),
(293, 5, 33, 52, 52, 0, '2025-01-01 09:06:13', '2025-01-01 09:06:13'),
(294, 5, 34, 4, 4, 0, '2025-01-01 09:06:13', '2025-01-01 09:06:13'),
(295, 5, 35, 5, 5, 0, '2025-01-01 09:06:13', '2025-01-01 09:06:13'),
(296, 5, 36, 1, 1, 0, '2025-01-01 09:06:13', '2025-01-01 09:06:13'),
(297, 5, 37, 3, 3, 0, '2025-01-01 09:06:13', '2025-01-01 09:06:13'),
(298, 5, 38, 5, 5, 0, '2025-01-01 09:06:13', '2025-01-01 09:06:13'),
(299, 5, 39, 2, 2, 0, '2025-01-01 09:06:13', '2025-01-01 09:06:13'),
(300, 5, 40, 2, 2, 0, '2025-01-01 09:06:13', '2025-01-01 09:06:13'),
(301, 5, 41, 2, 2, 0, '2025-01-01 09:06:13', '2025-01-01 09:06:13'),
(302, 5, 42, 3, 3, 0, '2025-01-01 09:06:13', '2025-01-01 09:06:13'),
(303, 5, 43, 4, 4, 0, '2025-01-01 09:06:13', '2025-01-01 09:06:13'),
(304, 5, 44, 4, 4, 0, '2025-01-01 09:06:13', '2025-01-01 09:06:13'),
(305, 5, 45, 15, 15, 0, '2025-01-01 09:06:13', '2025-01-01 09:06:13'),
(306, 5, 46, 9, 9, 0, '2025-01-01 09:06:13', '2025-01-01 09:06:13'),
(307, 5, 47, 16, 15, 1, '2025-01-01 09:06:13', '2025-01-01 09:06:13'),
(308, 5, 48, 9, 9, 0, '2025-01-01 09:06:13', '2025-01-01 09:06:13'),
(309, 5, 49, 1, 1, 0, '2025-01-01 09:06:13', '2025-01-01 09:06:13'),
(310, 5, 50, 3, 3, 0, '2025-01-01 09:06:13', '2025-01-01 09:06:13'),
(311, 5, 51, 100, 100, 0, '2025-01-01 09:06:13', '2025-01-01 09:06:13'),
(312, 5, 52, 16, 16, 0, '2025-01-01 09:06:13', '2025-01-01 09:06:13'),
(313, 5, 53, 3, 3, 0, '2025-01-01 09:06:13', '2025-01-01 09:06:13'),
(314, 5, 54, 1, 1, 0, '2025-01-01 09:06:13', '2025-01-01 09:06:13'),
(315, 5, 55, 1, 1, 0, '2025-01-01 09:06:13', '2025-01-01 09:06:13'),
(316, 5, 56, 1, 1, 0, '2025-01-01 09:06:13', '2025-01-01 09:06:13'),
(317, 5, 57, 1, 1, 0, '2025-01-01 09:06:13', '2025-01-01 09:06:13'),
(318, 5, 58, 6, 6, 0, '2025-01-01 09:06:13', '2025-01-01 09:06:13'),
(319, 5, 59, 6, 6, 0, '2025-01-01 09:06:13', '2025-01-01 09:06:13'),
(320, 5, 60, 15, 15, 0, '2025-01-01 09:06:13', '2025-01-01 09:06:13'),
(321, 5, 61, 5, 5, 0, '2025-01-01 09:06:13', '2025-01-01 09:06:13'),
(322, 5, 62, 1, 1, 0, '2025-01-01 09:06:13', '2025-01-01 09:06:13'),
(323, 5, 63, 5, 5, 0, '2025-01-01 09:06:13', '2025-01-01 09:06:13'),
(324, 5, 64, 6, 6, 0, '2025-01-01 09:06:13', '2025-01-01 09:06:13'),
(325, 5, 65, 1, 1, 0, '2025-01-01 09:06:13', '2025-01-01 09:06:13');

-- --------------------------------------------------------

--
-- Table structure for table `jumlah_pesertas`
--

CREATE TABLE `jumlah_pesertas` (
  `id` bigint(20) UNSIGNED NOT NULL,
  `tahun_id` bigint(20) UNSIGNED NOT NULL,
  `laki_laki` int(11) NOT NULL,
  `perempuan` int(11) NOT NULL,
  `jumlah` int(11) NOT NULL,
  `created_at` timestamp NULL DEFAULT NULL,
  `updated_at` timestamp NULL DEFAULT NULL
) ENGINE=InnoDB DEFAULT CHARSET=utf8mb4 COLLATE=utf8mb4_unicode_ci;

--
-- Dumping data for table `jumlah_pesertas`
--

INSERT INTO `jumlah_pesertas` (`id`, `tahun_id`, `laki_laki`, `perempuan`, `jumlah`, `created_at`, `updated_at`) VALUES
(1, 1, 108, 70, 178, '2025-01-15 10:26:39', '2025-01-15 10:26:39'),
(2, 2, 116, 69, 185, '2025-01-15 10:26:39', '2025-01-15 10:26:39'),
(3, 3, 121, 77, 198, '2025-01-15 10:27:34', '2025-01-15 10:27:34'),
(4, 4, 136, 78, 214, '2025-01-15 10:27:55', '2025-01-15 10:27:55'),
(5, 5, 140, 80, 220, '2025-01-15 10:28:17', '2025-01-15 10:28:17');

-- --------------------------------------------------------

--
-- Table structure for table `migrations`
--

CREATE TABLE `migrations` (
  `id` int(10) UNSIGNED NOT NULL,
  `migration` varchar(255) NOT NULL,
  `batch` int(11) NOT NULL
) ENGINE=InnoDB DEFAULT CHARSET=utf8mb4 COLLATE=utf8mb4_unicode_ci;

--
-- Dumping data for table `migrations`
--

INSERT INTO `migrations` (`id`, `migration`, `batch`) VALUES
(16, '0001_01_01_000000_create_users_table', 1),
(17, '0001_01_01_000001_create_cache_table', 1),
(18, '0001_01_01_000002_create_jobs_table', 1),
(19, '2025_01_09_225603_create_tahuns_table', 1),
(20, '2025_01_12_153022_create_asets_table', 1),
(21, '2025_01_12_153546_create_jumlah_asets_table', 1),
(25, '2025_01_16_001844_create_jumlah_pesertas_table', 2);

-- --------------------------------------------------------

--
-- Table structure for table `password_reset_tokens`
--

CREATE TABLE `password_reset_tokens` (
  `email` varchar(255) NOT NULL,
  `token` varchar(255) NOT NULL,
  `created_at` timestamp NULL DEFAULT NULL
) ENGINE=InnoDB DEFAULT CHARSET=utf8mb4 COLLATE=utf8mb4_unicode_ci;

-- --------------------------------------------------------

--
-- Table structure for table `sessions`
--

CREATE TABLE `sessions` (
  `id` varchar(255) NOT NULL,
  `user_id` bigint(20) UNSIGNED DEFAULT NULL,
  `ip_address` varchar(45) DEFAULT NULL,
  `user_agent` text DEFAULT NULL,
  `payload` longtext NOT NULL,
  `last_activity` int(11) NOT NULL
) ENGINE=InnoDB DEFAULT CHARSET=utf8mb4 COLLATE=utf8mb4_unicode_ci;

--
-- Dumping data for table `sessions`
--

INSERT INTO `sessions` (`id`, `user_id`, `ip_address`, `user_agent`, `payload`, `last_activity`) VALUES
('qw9v9yRnNjvxXKRYU4dAHFt74S6mqWcFrTIoDAvW', NULL, '127.0.0.1', 'Mozilla/5.0 (Windows NT 10.0; Win64; x64) AppleWebKit/537.36 (KHTML, like Gecko) Chrome/131.0.0.0 Safari/537.36', 'YTo0OntzOjY6Il90b2tlbiI7czo0MDoiSEFBZE9VUnExbXM1T0VrQlZZbXBGMm5EMDJ5ZkVwcjN5Z2ZsVUJrZiI7czozOiJ1cmwiO2E6MTp7czo4OiJpbnRlbmRlZCI7czozMToiaHR0cDovLzEyNy4wLjAuMTo4MDAwL2Rhc2hib2FyZCI7fXM6OToiX3ByZXZpb3VzIjthOjE6e3M6MzoidXJsIjtzOjI3OiJodHRwOi8vMTI3LjAuMC4xOjgwMDAvbG9naW4iO31zOjY6Il9mbGFzaCI7YToyOntzOjM6Im9sZCI7YTowOnt9czozOiJuZXciO2E6MDp7fX19', 1736962767),
('x2JsyGyCNd41W0OSGB8D32Fqa5JToHLMjqZl6fyp', 2, '127.0.0.1', 'Mozilla/5.0 (Windows NT 10.0; Win64; x64) AppleWebKit/537.36 (KHTML, like Gecko) Chrome/131.0.0.0 Safari/537.36', 'YTo0OntzOjY6Il90b2tlbiI7czo0MDoiVUtOdlFYaENjQXZyMnI0VG1jRXFOeHYxUmJockd3U09NWWlnVFNjNSI7czo5OiJfcHJldmlvdXMiO2E6MTp7czozOiJ1cmwiO3M6NDQ6Imh0dHA6Ly8xMjcuMC4wLjE6ODAwMC9kYXNoYm9hcmQvcHJlZGljdC0yMDI0Ijt9czo2OiJfZmxhc2giO2E6Mjp7czozOiJvbGQiO2E6MDp7fXM6MzoibmV3IjthOjA6e319czo1MDoibG9naW5fd2ViXzU5YmEzNmFkZGMyYjJmOTQwMTU4MGYwMTRjN2Y1OGVhNGUzMDk4OWQiO2k6Mjt9', 1736877341);

-- --------------------------------------------------------

--
-- Table structure for table `tahuns`
--

CREATE TABLE `tahuns` (
  `id` bigint(20) UNSIGNED NOT NULL,
  `tahun` varchar(255) NOT NULL,
  `created_at` timestamp NULL DEFAULT NULL,
  `updated_at` timestamp NULL DEFAULT NULL
) ENGINE=InnoDB DEFAULT CHARSET=utf8mb4 COLLATE=utf8mb4_unicode_ci;

--
-- Dumping data for table `tahuns`
--

INSERT INTO `tahuns` (`id`, `tahun`, `created_at`, `updated_at`) VALUES
(1, '2019-2020', '2025-01-01 08:48:27', '2025-01-01 08:48:27'),
(2, '2020-2021', '2025-01-01 10:21:48', '2025-01-01 10:21:53'),
(3, '2021-2022', '2025-01-01 10:22:00', '2025-01-01 10:22:05'),
(4, '2022-2023', '2025-01-01 10:22:11', '2025-01-01 10:22:15'),
(5, '2023-2024', '2025-01-01 10:22:19', '2025-01-01 10:22:24');

-- --------------------------------------------------------

--
-- Table structure for table `users`
--

CREATE TABLE `users` (
  `id` bigint(20) UNSIGNED NOT NULL,
  `name` varchar(255) NOT NULL,
  `email` varchar(255) NOT NULL,
  `password` varchar(255) NOT NULL,
  `level` enum('Admin','SarPras','TU') NOT NULL,
  `last_login_at` datetime DEFAULT NULL,
  `created_at` timestamp NULL DEFAULT NULL,
  `updated_at` timestamp NULL DEFAULT NULL
) ENGINE=InnoDB DEFAULT CHARSET=utf8mb4 COLLATE=utf8mb4_unicode_ci;

--
-- Dumping data for table `users`
--

INSERT INTO `users` (`id`, `name`, `email`, `password`, `level`, `last_login_at`, `created_at`, `updated_at`) VALUES
(1, 'admin', 'admin@example.com', '$2y$12$g4R4u5r1sqecXlXiLEQonePiVTDCGbKKOxqDOz/113ohVB0f0Qgc2', 'Admin', '2025-01-16 00:09:53', '2025-01-12 09:08:05', '2025-01-15 17:09:53'),
(2, 'Khalfin', 'khalfin@example.com', '$2y$12$DIJrM/IjYrHhyfGm//Kr.u7mnAto8B8g8BHcaTVAnAQdySzSVKkSK', 'SarPras', '2025-01-15 23:44:40', '2025-01-12 09:08:50', '2025-01-15 16:44:40'),
(3, 'Tata Usaha', 'tu@example.com', '$2y$12$SHRBEME6tjZ9002ysNyUPuZ5d0U4d17bc4W/tKI2jEVzbly99fXD2', 'TU', '2025-01-16 00:15:07', '2025-01-15 17:10:32', '2025-01-15 17:15:07');

--
-- Indexes for dumped tables
--

--
-- Indexes for table `asets`
--
ALTER TABLE `asets`
  ADD PRIMARY KEY (`id`);

--
-- Indexes for table `cache`
--
ALTER TABLE `cache`
  ADD PRIMARY KEY (`key`);

--
-- Indexes for table `cache_locks`
--
ALTER TABLE `cache_locks`
  ADD PRIMARY KEY (`key`);

--
-- Indexes for table `failed_jobs`
--
ALTER TABLE `failed_jobs`
  ADD PRIMARY KEY (`id`),
  ADD UNIQUE KEY `failed_jobs_uuid_unique` (`uuid`);

--
-- Indexes for table `jobs`
--
ALTER TABLE `jobs`
  ADD PRIMARY KEY (`id`),
  ADD KEY `jobs_queue_index` (`queue`);

--
-- Indexes for table `job_batches`
--
ALTER TABLE `job_batches`
  ADD PRIMARY KEY (`id`);

--
-- Indexes for table `jumlah_asets`
--
ALTER TABLE `jumlah_asets`
  ADD PRIMARY KEY (`id`),
  ADD KEY `jumlah_asets_tahun_id_foreign` (`tahun_id`),
  ADD KEY `jumlah_asets_aset_id_foreign` (`aset_id`);

--
-- Indexes for table `jumlah_pesertas`
--
ALTER TABLE `jumlah_pesertas`
  ADD PRIMARY KEY (`id`),
  ADD KEY `jumlah_pesertas_tahun_id_foreign` (`tahun_id`);

--
-- Indexes for table `migrations`
--
ALTER TABLE `migrations`
  ADD PRIMARY KEY (`id`);

--
-- Indexes for table `password_reset_tokens`
--
ALTER TABLE `password_reset_tokens`
  ADD PRIMARY KEY (`email`);

--
-- Indexes for table `sessions`
--
ALTER TABLE `sessions`
  ADD PRIMARY KEY (`id`),
  ADD KEY `sessions_user_id_index` (`user_id`),
  ADD KEY `sessions_last_activity_index` (`last_activity`);

--
-- Indexes for table `tahuns`
--
ALTER TABLE `tahuns`
  ADD PRIMARY KEY (`id`);

--
-- Indexes for table `users`
--
ALTER TABLE `users`
  ADD PRIMARY KEY (`id`),
  ADD UNIQUE KEY `users_email_unique` (`email`);

--
-- AUTO_INCREMENT for dumped tables
--

--
-- AUTO_INCREMENT for table `asets`
--
ALTER TABLE `asets`
  MODIFY `id` bigint(20) UNSIGNED NOT NULL AUTO_INCREMENT, AUTO_INCREMENT=66;

--
-- AUTO_INCREMENT for table `failed_jobs`
--
ALTER TABLE `failed_jobs`
  MODIFY `id` bigint(20) UNSIGNED NOT NULL AUTO_INCREMENT;

--
-- AUTO_INCREMENT for table `jobs`
--
ALTER TABLE `jobs`
  MODIFY `id` bigint(20) UNSIGNED NOT NULL AUTO_INCREMENT;

--
-- AUTO_INCREMENT for table `jumlah_asets`
--
ALTER TABLE `jumlah_asets`
  MODIFY `id` bigint(20) UNSIGNED NOT NULL AUTO_INCREMENT, AUTO_INCREMENT=326;

--
-- AUTO_INCREMENT for table `jumlah_pesertas`
--
ALTER TABLE `jumlah_pesertas`
  MODIFY `id` bigint(20) UNSIGNED NOT NULL AUTO_INCREMENT, AUTO_INCREMENT=6;

--
-- AUTO_INCREMENT for table `migrations`
--
ALTER TABLE `migrations`
  MODIFY `id` int(10) UNSIGNED NOT NULL AUTO_INCREMENT, AUTO_INCREMENT=26;

--
-- AUTO_INCREMENT for table `tahuns`
--
ALTER TABLE `tahuns`
  MODIFY `id` bigint(20) UNSIGNED NOT NULL AUTO_INCREMENT, AUTO_INCREMENT=6;

--
-- AUTO_INCREMENT for table `users`
--
ALTER TABLE `users`
  MODIFY `id` bigint(20) UNSIGNED NOT NULL AUTO_INCREMENT, AUTO_INCREMENT=4;

--
-- Constraints for dumped tables
--

--
-- Constraints for table `jumlah_asets`
--
ALTER TABLE `jumlah_asets`
  ADD CONSTRAINT `jumlah_asets_aset_id_foreign` FOREIGN KEY (`aset_id`) REFERENCES `asets` (`id`) ON DELETE CASCADE,
  ADD CONSTRAINT `jumlah_asets_tahun_id_foreign` FOREIGN KEY (`tahun_id`) REFERENCES `tahuns` (`id`) ON DELETE CASCADE;

--
-- Constraints for table `jumlah_pesertas`
--
ALTER TABLE `jumlah_pesertas`
  ADD CONSTRAINT `jumlah_pesertas_tahun_id_foreign` FOREIGN KEY (`tahun_id`) REFERENCES `tahuns` (`id`) ON DELETE CASCADE;
COMMIT;

/*!40101 SET CHARACTER_SET_CLIENT=@OLD_CHARACTER_SET_CLIENT */;
/*!40101 SET CHARACTER_SET_RESULTS=@OLD_CHARACTER_SET_RESULTS */;
/*!40101 SET COLLATION_CONNECTION=@OLD_COLLATION_CONNECTION */;
